<?xml version='1.0' encoding='utf-8'?><eml:eml xmlns:eml="eml://ecoinformatics.org/eml-2.0.1" xmlns:md="eml://ecoinformatics.org/methods-2.0.1" xmlns:proj="eml://ecoinformatics.org/project-2.0.1" xmlns:d="eml://ecoinformatics.org/dataset-2.0.1" xmlns:res="eml://ecoinformatics.org/resource-2.0.1" xmlns:xsi="http://www.w3.org/2001/XMLSchema-instance" xmlns:dc="http://purl.org/dc/terms/" system="Plazi" scope="system" packageId="924DFFEEC902FFD0FFF0616BFF8FFFB0/eml-1460984431602.xml"><dataset><alternateIdentifier>924DFFEEC902FFD0FFF0616BFF8FFFB0</alternateIdentifier><alternateIdentifier>http://dx.doi.org/10.11646/zootaxa.3918.2.4</alternateIdentifier><alternateIdentifier>1175-5326</alternateIdentifier><alternateIdentifier>6BA45618-CF3D-4A94-9946-644E72C5A886</alternateIdentifier><citation>Komai, Tomoyuki, Saito, Yuma, Myorin, Eiji (2015): A new species of the hermit crab genus Pagurus Fabricius, 1775 (Crustacea: Decapoda: Anomura: Paguridae) from shallow coastal waters in Japan, with a checklist of the East Asian species of the genus. Zootaxa 3918 (2): 224-238, DOI: http://dx.doi.org/10.11646/zootaxa.3918.2.4</citation><title>A new species of the hermit crab genus Pagurus Fabricius, 1775 (Crustacea: Decapoda: Anomura: Paguridae) from shallow coastal waters in Japan, with a checklist of the East Asian species of the genus</title><creator><individualName><givenName>Tomoyuki</givenName><surName>Komai</surName></individualName><individualName><givenName>Yuma</givenName><surName>Saito</surName></individualName><individualName><givenName>Eiji</givenName><surName>Myorin</surName></individualName></creator><pubDate>2015</pubDate><language>en</language><abstract><para>This dataset contains the digitized treatments in Plazi based on the original journal article Komai, Tomoyuki, Saito, Yuma, Myorin, Eiji (2015): A new species of the hermit crab genus Pagurus Fabricius, 1775 (Crustacea: Decapoda: Anomura: Paguridae) from shallow coastal waters in Japan, with a checklist of the East Asian species of the genus. Zootaxa 3918 (2): 224-238, DOI: http://dx.doi.org/10.11646/zootaxa.3918.2.4</para></abstract><intellectualRights><para>Public Domain</para><para>No known copyright restrictions apply. See Agosti, D., Egloff, W., 2009. Taxonomic information exchange and copyright: the Plazi approach. BMC Research Notes 2009, 2:53 for further explanation.</para></intellectualRights><distribution scope="document"><online><url function="information">http://plazi.cs.umb.edu/GgServer/summary/924DFFEEC902FFD0FFF0616BFF8FFFB0</url></online></distribution><contact><individualName><givenName>Guido</givenName><surName>Sautter</surName></individualName><electronicMailAddress>sautter@ipd.uka.de</electronicMailAddress><onlineUrl>http://plazi.org</onlineUrl></contact><associatedParty><organizationName>Magnolia Press</organizationName><address><deliveryPoint>St. Lukes 1346</deliveryPoint><city>Auckland</city><country>New Zealand</country></address><electronicMailAddress>magnolia@mapress.com</electronicMailAddress><onlineUrl>http://www.mapress.com/</onlineUrl><role>publisher</role></associatedParty><associatedParty><organizationName>Plazi</organizationName><address><city>Bern</city><country>Switzerland</country></address><electronicMailAddress>info@plazi.org</electronicMailAddress><onlineUrl>http://plazi.org/</onlineUrl><role>distributor</role></associatedParty><metadataProvider><organizationName>Plazi</organizationName><individualName><individualName><surName>plazi</surName></individualName></individualName></metadataProvider></dataset><additionalMetadata><metadata><gbif><dateStamp>2016-04-18T13:00:31+0000</dateStamp><citation>Komai, Tomoyuki, Saito, Yuma, Myorin, Eiji (2015): A new species of the hermit crab genus Pagurus Fabricius, 1775 (Crustacea: Decapoda: Anomura: Paguridae) from shallow coastal waters in Japan, with a checklist of the East Asian species of the genus. Zootaxa 3918 (2): 224-238, DOI: http://dx.doi.org/10.11646/zootaxa.3918.2.4</citation></gbif><plaziMods><mods:mods xmlns:mods="http://www.loc.gov/mods/v3">
<mods:titleInfo>
<mods:title>A new species of the hermit crab genus Pagurus Fabricius, 1775 (Crustacea: Decapoda: Anomura: Paguridae) from shallow coastal waters in Japan, with a checklist of the East Asian species of the genus</mods:title>
</mods:titleInfo>
<mods:name type="personal">
<mods:role>
<mods:roleTerm>Author</mods:roleTerm>
</mods:role>
<mods:namePart>Komai, Tomoyuki</mods:namePart>
</mods:name>
<mods:name type="personal">
<mods:role>
<mods:roleTerm>Author</mods:roleTerm>
</mods:role>
<mods:namePart>Saito, Yuma</mods:namePart>
</mods:name>
<mods:name type="personal">
<mods:role>
<mods:roleTerm>Author</mods:roleTerm>
</mods:role>
<mods:namePart>Myorin, Eiji</mods:namePart>
</mods:name>
<mods:typeOfResource>text</mods:typeOfResource>
<mods:relatedItem type="host">
<mods:titleInfo>
<mods:title>Zootaxa</mods:title>
</mods:titleInfo>
<mods:part>
<mods:date>2015</mods:date>
<mods:detail type="volume">
<mods:number>3918</mods:number>
</mods:detail>
<mods:detail type="issue">
<mods:number>2</mods:number>
</mods:detail>
<mods:extent unit="page">
<mods:start>224</mods:start>
<mods:end>238</mods:end>
</mods:extent>
</mods:part>
</mods:relatedItem>
<mods:classification>journal article</mods:classification>
<mods:identifier type="DOI">http://dx.doi.org/10.11646/zootaxa.3918.2.4</mods:identifier>
<mods:identifier type="ISSN">1175-5326</mods:identifier>
<mods:identifier type="ZooBank">6BA45618-CF3D-4A94-9946-644E72C5A886</mods:identifier>
</mods:mods></plaziMods></metadata></additionalMetadata></eml:eml>