<?xml version="1.0"?>
<archive xmlns="http://rs.tdwg.org/dwc/text/" metadata="eml.xml">
	<core encoding="UTF-8" linesTerminatedBy="\r\n" fieldsTerminatedBy="," fieldsEnclosedBy="&quot;" ignoreHeaderLines="1" rowType="http://rs.tdwg.org/dwc/terms/Occurrence">
		<files>
			<location>occurrences.csv</location>
		</files>
		<id index="0" />
		<field index="0" term="http://rs.tdwg.org/dwc/terms/occurrenceID" />
		<field index="1" term="http://rs.tdwg.org/dwc/terms/basisOfRecord" />
		<field index="2" term="http://purl.org/dc/terms/modified" />
		<field index="3" term="http://purl.org/dc/terms/references" />
		<field index="4" term="http://rs.tdwg.org/dwc/terms/individualID" />
		<field index="5" term="http://rs.tdwg.org/dwc/terms/establishmentMeans" />
		<field index="6" term="http://rs.tdwg.org/dwc/terms/recordedBy" />
		<field index="7" term="http://rs.tdwg.org/dwc/terms/eventDate" />
		<field index="8" term="http://rs.tdwg.org/dwc/terms/occurrenceRemarks" />
		<field index="9" term="http://rs.tdwg.org/dwc/terms/continent" />
		<field index="10" term="http://rs.tdwg.org/dwc/terms/countryCode" />
		<field index="11" term="http://rs.tdwg.org/dwc/terms/stateProvince" />
		<field index="12" term="http://rs.tdwg.org/dwc/terms/county" />
		<field index="13" term="http://rs.tdwg.org/dwc/terms/locality" />
		<field index="14" term="http://rs.tdwg.org/dwc/terms/decimalLatitude" />
		<field index="15" term="http://rs.tdwg.org/dwc/terms/decimalLongitude" />
		<field index="16" term="http://rs.tdwg.org/dwc/terms/geodeticDatum" />
		<field index="17" term="http://rs.tdwg.org/dwc/terms/coordinateUncertaintyInMeters" />
		<field index="18" term="http://rs.tdwg.org/dwc/terms/minimumElevationInMeters" />
		<field index="19" term="http://rs.tdwg.org/dwc/terms/maximumElevationInMeters" />
		<field index="20" term="http://rs.tdwg.org/dwc/terms/georeferenceRemarks" />
		<field index="21" term="http://rs.tdwg.org/dwc/terms/informationWithheld" />
		<field index="22" term="http://rs.tdwg.org/dwc/terms/dataGeneralizations" />
		<field index="23" term="http://rs.tdwg.org/dwc/terms/identifiedBy" />
		<field index="24" term="http://rs.tdwg.org/dwc/terms/dateIdentified" />
		<field index="25" term="http://rs.tdwg.org/dwc/terms/identificationRemarks" />
		<field index="26" term="http://rs.tdwg.org/dwc/terms/kingdom" />
		<field index="27" term="http://rs.tdwg.org/dwc/terms/order" />
		<field index="28" term="http://rs.tdwg.org/dwc/terms/family" />
		<field index="29" term="http://rs.tdwg.org/dwc/terms/genus" />
		<field index="30" term="http://rs.tdwg.org/dwc/terms/specificEpithet" />
		<field index="31" term="http://rs.tdwg.org/dwc/terms/infraspecificEpithet" />
		<field index="32" term="http://rs.tdwg.org/dwc/terms/taxonRank" />
		<field index="33" term="http://rs.tdwg.org/dwc/terms/scientificNameAuthorship" />		
		<field index="34" term="http://rs.tdwg.org/dwc/terms/scientificName" />		
		<field index="35" term="http://rs.tdwg.org/dwc/terms/previousIdentifications" />		
		<field default="English" term="http://purl.org/dc/terms/language" />
	</core>
	<extension encoding="UTF-8" linesTerminatedBy="\r\n" fieldsTerminatedBy="," fieldsEnclosedBy="&quot;" ignoreHeaderLines="1" rowType="http://rs.gbif.org/terms/1.0/Multimedia">
		<files>
			<location>images.csv</location>
		</files>
		<coreid index="0" />
		<field index="1" term="http://purl.org/dc/terms/type" />
		<field index="2" term="http://purl.org/dc/terms/format" />
		<field index="3" term="http://purl.org/dc/terms/identifier" />
		<field index="4" term="http://purl.org/dc/terms/references" />
		<field index="5" term="http://purl.org/dc/terms/title" />
		<field index="6" term="http://purl.org/dc/terms/description" />
		<field index="7" term="http://purl.org/dc/terms/created" />
		<field index="8" term="http://purl.org/dc/terms/creator" />
		<field index="9" term="http://purl.org/dc/terms/publisher" />
		<field index="10" term="http://purl.org/dc/terms/license" />
		<field index="11" term="http://purl.org/dc/terms/rightsHolder" />
		<field default="English" term="http://purl.org/dc/terms/language" />
	</extension>
</archive>
